"LakeID","n","trend","sig","min_year","max_year","Month"
"114",1146,-5.27348501966225e-05,8.36573541720678e-126,1981,2017,1
"116",1146,-3.53631996581473e-05,3.87881713979309e-36,1981,2017,1
"134",1146,6.09632401120048e-06,3.31039623208408e-20,1981,2017,1
"135",1146,-5.53809525626209e-05,9.37556759817507e-65,1981,2017,1
"136",1146,-6.45163108912546e-05,3.48570247958229e-60,1981,2017,1
"26",1146,5.09905131754196e-07,0.00446352449667571,1981,2017,1
"27",1146,4.26088875843834e-06,8.0425278221463e-12,1981,2017,1
"29",1146,1.38336307785798e-06,0.00207951151023915,1981,2017,1
"30",1146,-1.9846724627228e-05,5.81892749330046e-09,1981,2017,1
"31",1146,-0.000120337022888728,2.65076280935922e-62,1981,2017,1
"32",1146,-0.000115124540960093,9.37324600438376e-92,1981,2017,1
"33",1146,-2.74079741115213e-06,0.001257003102266,1981,2017,1
"35",1146,-3.71733912901444e-07,0.761351949720808,1981,2017,1
"WI-213124",1146,-4.99483341848421e-05,3.28978812651302e-34,1981,2017,1
"WI-263160",1146,-0.000148375616570973,4.5659135988399e-47,1981,2017,1
"WI-283123",1146,-1.58690665040721e-05,4.66727751868881e-07,1981,2017,1
"WI-303121",1146,-6.45163108912546e-05,3.48570247958229e-60,1981,2017,1
"WI-363064",1146,-2.17696100156518e-05,1.02131563283337e-62,1981,2017,1
"WI-373390",1146,1.81030373805557e-06,0.0570113558695792,1981,2017,1
"WI-443140",1146,-4.45652371841789e-06,7.09144125124199e-13,1981,2017,1
"WI-493063",1146,-0.000138293904922686,2.0314721210339e-80,1981,2017,1
"WI-493122",1146,-5.49544334613831e-05,2.94567497775058e-14,1981,2017,1
"WI-493126",1146,-4.69041211426914e-06,2.22459656930787e-19,1981,2017,1
"WI-493131",1146,-5.49544334613831e-05,2.94567497775058e-14,1981,2017,1
"WI-513126",1146,1.36986708419602e-05,6.7973544866246e-47,1981,2017,1
"WI-523120",1146,-0.000130742646857596,8.16499573636589e-248,1981,2017,1
"WI-563057",1146,8.46345619062398e-08,0.929798865782464,1981,2017,1
"WI-563058",1146,-1.64735367720473e-06,0.0679750628704147,1981,2017,1
"WI-573124",1146,-8.54117122799821e-06,2.50913715710901e-35,1981,2017,1
"WI-583047",1146,3.02116360029325e-05,2.71064187344006e-73,1981,2017,1
"WI-593043",1146,-4.63296918828072e-06,1.13926313935656e-11,1981,2017,1
"WI-593044",1146,-4.63296918828072e-06,1.13926313935656e-11,1981,2017,1
"WI-593072",1146,4.86766322743723e-06,3.27493636822275e-07,1981,2017,1
"WI-593121",1146,4.19361133761129e-06,1.22882474924592e-09,1981,2017,1
"WI-643451",1146,1.7757505421275e-05,0.00253372031342398,1981,2017,1
"WI-653126",1146,-1.86502542253028e-05,2.35375286244927e-28,1981,2017,1
"WI-663053",1146,-1.36926832549297e-05,3.02022457347872e-66,1981,2017,1
"WI-663088",1146,-4.32457143443975e-08,0.944735593267933,1981,2017,1
"WI-663091",1146,-4.32457143443975e-08,0.944735593267933,1981,2017,1
"WI-663105",1146,-7.70931697135247e-06,3.35036854035274e-35,1981,2017,1
"WI-673120",1146,-6.6508695583734e-06,4.7819287667367e-19,1981,2017,1
"WI-673123",1146,3.39305868035699e-06,0.00708421939746425,1981,2017,1
"WI-673202",1146,-5.71337206185962e-06,4.33092496219461e-07,1981,2017,1
"WI-673206",1146,-4.21378086382467e-05,6.23904728285494e-51,1981,2017,1
"WI-673225",1146,-6.66298266739539e-05,1.2461757491635e-119,1981,2017,1
"WI-683125",1146,-0.000147718557769503,2.28479315492731e-171,1981,2017,1
"WI-683129",1146,-2.88188922420252e-05,7.06108876706814e-84,1981,2017,1
"WI-683137",1146,8.98036797360602e-07,0.154732411421357,1981,2017,1
"WI-683143",1146,-4.3654207833853e-06,0.000848595156150225,1981,2017,1
"WI-693025",1146,-2.00778913854992e-06,0.208411549637265,1981,2017,1
"WI-703027",1146,-2.96046381648456e-05,1.14041283180697e-73,1981,2017,1
"114",1045,-3.966532592563e-05,1.29713217279919e-58,1981,2017,2
"116",1045,-2.17610945306469e-05,1.99670754607745e-09,1981,2017,2
"134",1045,4.53471254205496e-06,6.71551865533765e-13,1981,2017,2
"135",1045,-6.77996001845724e-05,7.15054776985371e-57,1981,2017,2
"136",1045,-9.49484494756589e-05,9.44657347810212e-97,1981,2017,2
"26",1045,6.71189977579298e-07,0.00194170624992126,1981,2017,2
"27",1045,4.18213640951341e-06,5.88473571946641e-10,1981,2017,2
"29",1045,-1.07064693215079e-06,0.0387917613631772,1981,2017,2
"30",1045,-2.68223421809281e-05,2.40728816050228e-10,1981,2017,2
"31",1045,-0.000149266667002806,5.3781163795244e-61,1981,2017,2
"32",1045,-0.000113528578534275,9.22780027421582e-79,1981,2017,2
"33",1045,-6.97459112887985e-06,1.03480916770834e-08,1981,2017,2
"35",1045,3.37541440714684e-06,0.0211704289197982,1981,2017,2
"WI-213124",1045,-5.61035935776968e-05,1.25057895830345e-31,1981,2017,2
"WI-263160",1045,-7.87441358342071e-05,1.11679778182974e-14,1981,2017,2
"WI-283123",1045,-1.27058207597153e-05,0.00187868873130248,1981,2017,2
"WI-303121",1045,-9.49484494756589e-05,9.44657347810212e-97,1981,2017,2
"WI-363064",1045,-1.85781081368812e-05,5.47597079985011e-37,1981,2017,2
"WI-373390",1045,4.21811586635608e-06,0.000433999442599572,1981,2017,2
"WI-443140",1045,-5.19408577640432e-06,6.03916185343545e-10,1981,2017,2
"WI-493063",1045,-0.000168366016477138,1.41753894716902e-88,1981,2017,2
"WI-493122",1045,-6.965835094978e-05,8.98600995299006e-17,1981,2017,2
"WI-493126",1045,-2.83842750083768e-06,1.36076434655944e-07,1981,2017,2
"WI-493131",1045,-6.965835094978e-05,8.98600995299006e-17,1981,2017,2
"WI-513126",1045,1.6733289402982e-05,4.86130761875299e-42,1981,2017,2
"WI-523120",1045,-0.000119874735744354,7.29882262655353e-181,1981,2017,2
"WI-563057",1045,2.52829262500548e-06,0.0748995221036897,1981,2017,2
"WI-563058",1045,3.34112512070201e-07,0.734409468777398,1981,2017,2
"WI-573124",1045,-8.80685639327818e-06,2.65582860558977e-23,1981,2017,2
"WI-583047",1045,2.62819221453538e-05,5.40483140792227e-23,1981,2017,2
"WI-593043",1045,-8.09833076682211e-06,3.0244538591223e-17,1981,2017,2
"WI-593044",1045,-8.09833076682211e-06,3.0244538591223e-17,1981,2017,2
"WI-593072",1045,2.55235579448099e-06,0.0036001378087378,1981,2017,2
"WI-593121",1045,4.5324502059346e-06,4.25718490615019e-06,1981,2017,2
"WI-643451",1045,5.08856296047835e-05,5.48829837384365e-15,1981,2017,2
"WI-653126",1045,-1.01889306162546e-05,2.10921585645636e-07,1981,2017,2
"WI-663053",1045,-1.96441307493486e-05,1.72924432707007e-88,1981,2017,2
"WI-663088",1045,7.9554209000222e-07,0.196536576175235,1981,2017,2
"WI-663091",1045,7.9554209000222e-07,0.196536576175235,1981,2017,2
"WI-663105",1045,-1.23448150644233e-05,1.83280096068257e-56,1981,2017,2
"WI-673120",1045,-2.78912864576931e-06,0.00147395467166038,1981,2017,2
"WI-673123",1045,-3.54438283335794e-07,0.80094841031852,1981,2017,2
"WI-673202",1045,-1.53475816341574e-05,7.7333406839165e-24,1981,2017,2
"WI-673206",1045,-4.2264393042301e-05,7.19202042177788e-36,1981,2017,2
"WI-673225",1045,-9.10731320168273e-05,2.3025122254769e-117,1981,2017,2
"WI-683125",1045,-0.000151930004003822,9.3332707066248e-150,1981,2017,2
"WI-683129",1045,-6.41069437330019e-05,2.32334569765208e-113,1981,2017,2
"WI-683137",1045,-3.66255131016459e-06,1.24960407661638e-06,1981,2017,2
"WI-683143",1045,-7.25058889490752e-06,1.1698998638523e-05,1981,2017,2
"WI-693025",1045,-1.61612884038598e-05,4.2963533217757e-08,1981,2017,2
"WI-703027",1045,-3.49118836503405e-05,8.74762163431142e-67,1981,2017,2
"114",1147,-7.13666559161474e-06,0.00194276265994685,1981,2017,3
"116",1147,-1.47184135488628e-05,0.000109940119440375,1981,2017,3
"134",1147,1.97571122849848e-06,0.00161502868305493,1981,2017,3
"135",1147,-7.08580861849811e-05,3.97084799935683e-58,1981,2017,3
"136",1147,-7.35656136536719e-05,5.60756536595849e-89,1981,2017,3
"26",1147,7.76288738227107e-07,0.000762782802285464,1981,2017,3
"27",1147,1.16660945076914e-06,0.0453518480697929,1981,2017,3
"29",1147,-1.7818890289483e-06,0.000371860599203194,1981,2017,3
"30",1147,-2.60047737782981e-05,1.32647694366027e-11,1981,2017,3
"31",1147,-6.29766354381232e-05,8.83578127662192e-14,1981,2017,3
"32",1147,-0.000128220983821733,3.26979453315511e-54,1981,2017,3
"33",1147,-1.21216187191368e-05,3.29897994576312e-24,1981,2017,3
"35",1147,1.04843397068729e-05,3.38443369559301e-15,1981,2017,3
"WI-213124",1147,-6.07368292861575e-05,5.75884129593602e-49,1981,2017,3
"WI-263160",1147,-1.18725294401819e-05,0.0767790635543846,1981,2017,3
"WI-283123",1147,5.95295254759031e-06,0.216658152630246,1981,2017,3
"WI-303121",1147,-7.35656136536719e-05,5.60756536595849e-89,1981,2017,3
"WI-363064",1147,-2.67846299159159e-05,1.19516307138469e-67,1981,2017,3
"WI-373390",1147,-9.39543909615135e-07,0.564890650072304,1981,2017,3
"WI-443140",1147,-4.16367735669296e-06,1.29954302207752e-06,1981,2017,3
"WI-493063",1147,-9.04813200172093e-05,6.88003904262842e-60,1981,2017,3
"WI-493122",1147,-8.87991235547098e-05,6.2248564212314e-34,1981,2017,3
"WI-493126",1147,-2.67076383427286e-06,6.43211693289598e-06,1981,2017,3
"WI-493131",1147,-8.87991235547098e-05,6.2248564212314e-34,1981,2017,3
"WI-513126",1147,6.23637258764556e-06,5.73169256152638e-07,1981,2017,3
"WI-523120",1147,-7.90734778760497e-05,3.84032047951661e-141,1981,2017,3
"WI-563057",1147,-1.68044648918616e-06,0.194348183372193,1981,2017,3
"WI-563058",1147,3.00529615371848e-06,0.00223668120279416,1981,2017,3
"WI-573124",1147,-1.68773568847571e-05,1.00820367877111e-12,1981,2017,3
"WI-583047",1147,1.45440891478222e-05,2.61141230778536e-10,1981,2017,3
"WI-593043",1147,-5.91032867634984e-06,1.09996345558823e-10,1981,2017,3
"WI-593044",1147,-5.91032867634984e-06,1.09996345558823e-10,1981,2017,3
"WI-593072",1147,6.80226333138032e-06,3.62123779242368e-16,1981,2017,3
"WI-593121",1147,5.49317528363837e-06,8.23717163777119e-08,1981,2017,3
"WI-643451",1147,4.64440118705649e-05,1.51209671512026e-11,1981,2017,3
"WI-653126",1147,-4.66734183052696e-06,0.0023849690786406,1981,2017,3
"WI-663053",1147,-7.51263780992836e-06,1.29278952110207e-16,1981,2017,3
"WI-663088",1147,-1.80195274521375e-06,0.00374777560409845,1981,2017,3
"WI-663091",1147,-1.80195274521375e-06,0.00374777560409845,1981,2017,3
"WI-663105",1147,-1.16566263665116e-05,1.78461107034976e-46,1981,2017,3
"WI-673120",1147,4.03504960140268e-06,0.000110009708041366,1981,2017,3
"WI-673123",1147,-3.63062223033837e-06,0.001826646820807,1981,2017,3
"WI-673202",1147,-2.4205703480787e-05,2.5979426331176e-47,1981,2017,3
"WI-673206",1147,-6.41622468016604e-05,5.16647437026065e-64,1981,2017,3
"WI-673225",1147,-7.55405365044134e-05,3.16900494855778e-108,1981,2017,3
"WI-683125",1147,-9.94454251686249e-05,2.11886455693982e-86,1981,2017,3
"WI-683129",1147,-7.97853830323337e-05,6.22974388632063e-84,1981,2017,3
"WI-683137",1147,-3.71097195791141e-06,2.14744242565393e-06,1981,2017,3
"WI-683143",1147,-1.35105995473779e-05,2.29262036673268e-06,1981,2017,3
"WI-693025",1147,-8.93711340299503e-06,0.0227736867153345,1981,2017,3
"WI-703027",1147,-3.72734733329703e-05,6.86865110967276e-56,1981,2017,3
"114",1110,2.3724813933403e-05,1.30325465871697e-20,1981,2017,4
"116",1110,-2.2635296579293e-05,2.37203550004957e-07,1981,2017,4
"134",1110,2.79414958563098e-07,0.658271095861443,1981,2017,4
"135",1110,-7.09738482058771e-05,1.07528262110444e-54,1981,2017,4
"136",1110,-7.12143702388725e-05,6.78280655050434e-96,1981,2017,4
"26",1110,1.06724809972665e-06,0.00020756653910208,1981,2017,4
"27",1110,-2.97907039267811e-06,6.68135170244092e-06,1981,2017,4
"29",1110,-3.25832293839445e-06,2.1652834265649e-07,1981,2017,4
"30",1110,-3.30899714230912e-05,1.30283660048909e-24,1981,2017,4
"31",1110,-5.75786496740879e-05,6.91511063658767e-11,1981,2017,4
"32",1110,-9.51970862078673e-05,6.02788750237752e-37,1981,2017,4
"33",1110,-7.49151111846616e-06,9.21252739261624e-15,1981,2017,4
"35",1110,1.04636042938972e-05,1.18291649967331e-08,1981,2017,4
"WI-213124",1110,-0.00010947882731151,1.67291268473155e-78,1981,2017,4
"WI-263160",1110,-4.67248006475442e-05,4.21840868482895e-10,1981,2017,4
"WI-283123",1110,-9.33301306058298e-06,0.109756327709338,1981,2017,4
"WI-303121",1110,-7.12143702388725e-05,6.78280655050434e-96,1981,2017,4
"WI-363064",1110,-3.27505875404523e-05,1.92503898825418e-66,1981,2017,4
"WI-373390",1110,-1.39562147282635e-05,3.18825459931792e-12,1981,2017,4
"WI-443140",1110,-5.61335084471755e-06,1.20522989420536e-07,1981,2017,4
"WI-493063",1110,-8.27371516654028e-05,7.86335700246499e-51,1981,2017,4
"WI-493122",1110,-8.8655441130541e-05,2.29095624029204e-39,1981,2017,4
"WI-493126",1110,-3.68801004674123e-06,1.11287744819946e-05,1981,2017,4
"WI-493131",1110,-8.8655441130541e-05,2.29095624029204e-39,1981,2017,4
"WI-513126",1110,6.33333506409743e-06,0.00219937099460514,1981,2017,4
"WI-523120",1110,-8.1588514146167e-05,1.06323469503393e-125,1981,2017,4
"WI-563057",1110,-1.15217019336878e-05,6.0364909870041e-15,1981,2017,4
"WI-563058",1110,-2.80389218119618e-06,0.0144112960926192,1981,2017,4
"WI-573124",1110,-6.76828396491783e-05,1.88053520886033e-30,1981,2017,4
"WI-583047",1110,1.42875719949273e-05,4.32397372530086e-11,1981,2017,4
"WI-593043",1110,-2.94717610523868e-06,0.000843795355181638,1981,2017,4
"WI-593044",1110,-2.94717610523868e-06,0.000843795355181638,1981,2017,4
"WI-593072",1110,4.98771652082039e-06,2.08573806310295e-07,1981,2017,4
"WI-593121",1110,6.3734912042531e-06,2.51279806332342e-08,1981,2017,4
"WI-643451",1110,-3.91581242701898e-05,0.00055479047972645,1981,2017,4
"WI-653126",1110,-1.27121845385239e-05,2.29443101074473e-16,1981,2017,4
"WI-663053",1110,3.50502071826918e-06,0.000343702390863172,1981,2017,4
"WI-663088",1110,9.02847392627653e-07,0.266384051628186,1981,2017,4
"WI-663091",1110,9.02847392627653e-07,0.266384051628186,1981,2017,4
"WI-663105",1110,-8.84480897908859e-06,1.69395153100253e-29,1981,2017,4
"WI-673120",1110,6.55503015631338e-06,1.80749109284704e-07,1981,2017,4
"WI-673123",1110,-6.40566829542376e-06,2.44771581796773e-09,1981,2017,4
"WI-673202",1110,-3.00493928280256e-05,1.69300875019012e-62,1981,2017,4
"WI-673206",1110,-8.13257602669245e-05,1.27137599745841e-66,1981,2017,4
"WI-673225",1110,-6.10439913208441e-05,2.75459252993487e-66,1981,2017,4
"WI-683125",1110,-0.000107739839504537,1.06661296251132e-77,1981,2017,4
"WI-683129",1110,-8.89908190093368e-05,1.88964293341643e-92,1981,2017,4
"WI-683137",1110,-4.69822493422009e-06,1.14871113508751e-05,1981,2017,4
"WI-683143",1110,-1.02122161503869e-05,0.000164886101061706,1981,2017,4
"WI-693025",1110,-1.2711971862418e-05,0.000763389629036039,1981,2017,4
"WI-703027",1110,-4.48029678382298e-05,3.47006561918489e-40,1981,2017,4
"114",1147,2.05849326635856e-05,9.6463021492369e-14,1981,2017,5
"116",1147,-4.54989486100595e-05,6.4800200538773e-19,1981,2017,5
"134",1147,1.85740482029506e-06,0.00185943227056422,1981,2017,5
"135",1147,-5.88122795312311e-05,2.17985844457657e-68,1981,2017,5
"136",1147,-7.72860465724582e-05,5.21499712511897e-118,1981,2017,5
"26",1147,2.00426689425516e-06,7.26280736254177e-08,1981,2017,5
"27",1147,-7.11522621179336e-06,2.23047081216567e-24,1981,2017,5
"29",1147,-1.64274204781338e-06,0.0094966069690208,1981,2017,5
"30",1147,-8.8341247041206e-06,0.000199244079079206,1981,2017,5
"31",1147,-9.94146600012478e-05,2.29025978887963e-41,1981,2017,5
"32",1147,-9.93664699696417e-05,2.26709624636597e-68,1981,2017,5
"33",1147,-1.07059718502934e-05,6.01443543896257e-41,1981,2017,5
"35",1147,2.60832713158957e-05,1.33432158906356e-29,1981,2017,5
"WI-213124",1147,-0.000177110536958727,1.18018511261331e-69,1981,2017,5
"WI-263160",1147,-2.7646532272863e-05,0.0169172851038644,1981,2017,5
"WI-283123",1147,-1.38541175333616e-05,0.0204263429963134,1981,2017,5
"WI-303121",1147,-7.72860465724582e-05,5.21499712511897e-118,1981,2017,5
"WI-363064",1147,-4.69535544461765e-05,9.53412071984408e-130,1981,2017,5
"WI-373390",1147,-3.36166292006638e-05,9.56803628075378e-30,1981,2017,5
"WI-443140",1147,-4.51392455351566e-06,0.000516446835352475,1981,2017,5
"WI-493063",1147,-0.000127042253095978,9.66160658318468e-66,1981,2017,5
"WI-493122",1147,-6.87833767203142e-05,2.33535326881905e-23,1981,2017,5
"WI-493126",1147,-5.29901395879329e-06,7.35423248970208e-09,1981,2017,5
"WI-493131",1147,-6.87833767203142e-05,2.33535326881905e-23,1981,2017,5
"WI-513126",1147,1.42337764875584e-05,6.37435750484356e-07,1981,2017,5
"WI-523120",1147,-7.76433502218455e-05,1.42458561861223e-113,1981,2017,5
"WI-563057",1147,-1.33451664241962e-05,6.78946388633734e-22,1981,2017,5
"WI-563058",1147,-9.82972312440292e-06,1.18990230065663e-12,1981,2017,5
"WI-573124",1147,-2.61518284765208e-05,5.02214501189545e-12,1981,2017,5
"WI-583047",1147,9.04154599919074e-06,0.000507317484188509,1981,2017,5
"WI-593043",1147,-1.2758573377919e-06,0.0993728381605252,1981,2017,5
"WI-593044",1147,-1.2758573377919e-06,0.0993728381605252,1981,2017,5
"WI-593072",1147,-6.88114886061218e-06,3.4095556535153e-08,1981,2017,5
"WI-593121",1147,1.8728009541878e-05,1.76401836159294e-37,1981,2017,5
"WI-643451",1147,-0.000133297151407566,1.82778447478589e-16,1981,2017,5
"WI-653126",1147,-2.29293222098856e-05,7.05985154709308e-31,1981,2017,5
"WI-663053",1147,2.15015980854923e-06,0.0219040173736362,1981,2017,5
"WI-663088",1147,7.18056088587287e-06,3.94412587983914e-17,1981,2017,5
"WI-663091",1147,7.18056088587287e-06,3.94412587983914e-17,1981,2017,5
"WI-663105",1147,-7.04337060098256e-06,3.40701839034343e-22,1981,2017,5
"WI-673120",1147,-1.11567707598658e-05,1.66597130161294e-19,1981,2017,5
"WI-673123",1147,-3.58968059574609e-06,0.00433144979648171,1981,2017,5
"WI-673202",1147,-1.98385918049486e-05,5.42964143176371e-31,1981,2017,5
"WI-673206",1147,-0.000116152041080423,1.46275212620436e-90,1981,2017,5
"WI-673225",1147,-4.75206632964398e-05,1.04993527930384e-95,1981,2017,5
"WI-683125",1147,-0.000130322093332646,2.07810742069052e-81,1981,2017,5
"WI-683129",1147,-0.000109756527643376,3.37039291913676e-101,1981,2017,5
"WI-683137",1147,-7.92767526510768e-06,4.55218420825047e-17,1981,2017,5
"WI-683143",1147,4.96904601663771e-06,0.015719733306904,1981,2017,5
"WI-693025",1147,-1.16450068582813e-05,5.39299419429445e-07,1981,2017,5
"WI-703027",1147,-6.3159712120609e-05,2.97857348444583e-76,1981,2017,5
"114",1110,-2.47181437840372e-06,0.519052432941025,1981,2017,6
"116",1110,-8.44936286363827e-05,7.87987469783697e-46,1981,2017,6
"134",1110,3.73745579966184e-06,5.9842004674633e-11,1981,2017,6
"135",1110,-4.80623063228924e-05,1.93701318391717e-28,1981,2017,6
"136",1110,-0.000116919232107297,1.41688456493975e-118,1981,2017,6
"26",1110,1.01813587996831e-06,0.0235617742647139,1981,2017,6
"27",1110,-6.00906815869198e-06,9.94547473904401e-14,1981,2017,6
"29",1110,6.28065949240672e-06,2.71436556660179e-15,1981,2017,6
"30",1110,-1.89709850154963e-05,1.96259891096595e-11,1981,2017,6
"31",1110,-0.000199148854646101,3.23925383514861e-87,1981,2017,6
"32",1110,-0.000147187347266431,7.42597573812996e-75,1981,2017,6
"33",1110,-8.46727016083298e-06,1.96410455615127e-15,1981,2017,6
"35",1110,2.78507802940979e-05,1.13509403459178e-35,1981,2017,6
"WI-213124",1110,-0.000320917620772251,1.03510303862274e-83,1981,2017,6
"WI-263160",1110,5.22558100312026e-05,0.000207832533973738,1981,2017,6
"WI-283123",1110,-2.21110142205911e-05,0.00130391666029131,1981,2017,6
"WI-303121",1110,-0.000116919232107297,1.41688456493975e-118,1981,2017,6
"WI-363064",1110,-4.24580184459946e-05,4.66909365619606e-107,1981,2017,6
"WI-373390",1110,-4.73315638210096e-05,4.92339139458318e-42,1981,2017,6
"WI-443140",1110,-8.90597390038251e-06,1.93886627928103e-09,1981,2017,6
"WI-493063",1110,-0.000132284577459645,7.41959035821215e-40,1981,2017,6
"WI-493122",1110,-6.9144111093938e-05,3.15152672181153e-13,1981,2017,6
"WI-493126",1110,-7.23157856945666e-06,1.25755907697367e-09,1981,2017,6
"WI-493131",1110,-6.9144111093938e-05,3.15152672181153e-13,1981,2017,6
"WI-513126",1110,3.53375509122054e-05,8.8520028911354e-20,1981,2017,6
"WI-523120",1110,-8.87794170678595e-05,9.05425121233358e-98,1981,2017,6
"WI-563057",1110,-1.74616405940784e-05,1.0677892547136e-29,1981,2017,6
"WI-563058",1110,-1.72011245185006e-05,1.35841125968316e-28,1981,2017,6
"WI-573124",1110,-1.11119164269874e-06,0.736059237041775,1981,2017,6
"WI-583047",1110,4.77129379328535e-05,6.97685062869499e-45,1981,2017,6
"WI-593043",1110,-2.38171174411942e-06,0.0193887194639335,1981,2017,6
"WI-593044",1110,-2.38171174411942e-06,0.0193887194639335,1981,2017,6
"WI-593072",1110,-1.65681158593533e-05,7.69419551669839e-30,1981,2017,6
"WI-593121",1110,1.79734387949302e-05,2.62441184085476e-27,1981,2017,6
"WI-643451",1110,-0.000154151172454395,3.78766150080682e-17,1981,2017,6
"WI-653126",1110,-3.17220865190433e-05,6.57464862104619e-36,1981,2017,6
"WI-663053",1110,1.54351148483709e-06,0.178029588632134,1981,2017,6
"WI-663088",1110,5.61950101981476e-06,3.1485095009652e-10,1981,2017,6
"WI-663091",1110,5.61950101981476e-06,3.1485095009652e-10,1981,2017,6
"WI-663105",1110,-5.78432868279308e-06,1.17856098511487e-10,1981,2017,6
"WI-673120",1110,-3.73698265864873e-06,0.00716682114561858,1981,2017,6
"WI-673123",1110,5.37367568938747e-07,0.654053422270515,1981,2017,6
"WI-673202",1110,-2.07460925918283e-05,1.01557312053288e-18,1981,2017,6
"WI-673206",1110,-0.000164250865751804,7.44785024398899e-88,1981,2017,6
"WI-673225",1110,-5.13561755539713e-05,3.03828374771858e-56,1981,2017,6
"WI-683125",1110,-0.000175793543640479,6.02526604699432e-97,1981,2017,6
"WI-683129",1110,-0.000116182404018356,1.6232672815087e-81,1981,2017,6
"WI-683137",1110,-1.58139066478722e-05,1.35195579201188e-35,1981,2017,6
"WI-683143",1110,1.72189184448944e-05,1.56556364463627e-12,1981,2017,6
"WI-693025",1110,3.55591906878741e-06,0.115338415236507,1981,2017,6
"WI-703027",1110,-8.80643787830065e-05,2.51567032200831e-81,1981,2017,6
"114",1147,8.38717108332787e-07,0.822300126748501,1981,2017,7
"116",1147,-0.000101361547195812,6.64556964361785e-66,1981,2017,7
"134",1147,1.01116657686537e-06,0.112388439416271,1981,2017,7
"135",1147,-5.34558303549524e-05,3.20764702934249e-37,1981,2017,7
"136",1147,-0.000141381981384955,6.97691265734362e-158,1981,2017,7
"26",1147,4.16087037411668e-06,2.07153375360582e-21,1981,2017,7
"27",1147,-6.38130888823916e-06,5.97034526759228e-13,1981,2017,7
"29",1147,2.22735957589928e-06,0.00295454290492749,1981,2017,7
"30",1147,-3.89707264295773e-05,2.04016983837518e-29,1981,2017,7
"31",1147,-0.000201505698383721,2.80692961304672e-121,1981,2017,7
"32",1147,-0.000162874272322621,9.90480514389804e-99,1981,2017,7
"33",1147,-8.22571779927068e-06,1.09007239143678e-14,1981,2017,7
"35",1147,3.08438258774993e-05,2.85483290765308e-35,1981,2017,7
"WI-213124",1147,-0.000338759036967479,5.35893615581114e-66,1981,2017,7
"WI-263160",1147,0.000144011970593609,2.80170333012244e-21,1981,2017,7
"WI-283123",1147,-2.56626040645496e-05,7.57788374094189e-05,1981,2017,7
"WI-303121",1147,-0.000141381981384955,6.97691265734362e-158,1981,2017,7
"WI-363064",1147,-4.10505544725198e-05,9.11224402676304e-107,1981,2017,7
"WI-373390",1147,-6.33049682247298e-05,3.78132898803227e-59,1981,2017,7
"WI-443140",1147,-1.37619919533305e-05,8.17255142020689e-27,1981,2017,7
"WI-493063",1147,-7.60026117287613e-05,1.5709212882262e-15,1981,2017,7
"WI-493122",1147,-7.12733988565473e-05,1.70526814588198e-12,1981,2017,7
"WI-493126",1147,-7.96778453288493e-06,3.11941547944708e-15,1981,2017,7
"WI-493131",1147,-7.12733988565473e-05,1.70526814588198e-12,1981,2017,7
"WI-513126",1147,3.55316493069985e-05,3.53280855620147e-22,1981,2017,7
"WI-523120",1147,-0.000104137139389023,2.6297678088219e-129,1981,2017,7
"WI-563057",1147,-2.3711132199034e-05,2.2124224384023e-57,1981,2017,7
"WI-563058",1147,-3.44130621230675e-05,3.0780431389463e-82,1981,2017,7
"WI-573124",1147,-1.68719190850778e-05,4.576718325794e-15,1981,2017,7
"WI-583047",1147,4.20864874315089e-05,5.09850959735694e-32,1981,2017,7
"WI-593043",1147,-5.23910643936718e-06,5.0146222613369e-09,1981,2017,7
"WI-593044",1147,-5.23910643936718e-06,5.0146222613369e-09,1981,2017,7
"WI-593072",1147,-1.88473873292883e-05,5.09056926800101e-40,1981,2017,7
"WI-593121",1147,2.04379210625381e-05,2.6696259066014e-30,1981,2017,7
"WI-643451",1147,-0.000108847446642359,1.32657599565301e-08,1981,2017,7
"WI-653126",1147,-2.72499912662608e-05,2.12343721324571e-27,1981,2017,7
"WI-663053",1147,-5.43620295378596e-06,1.34769586045659e-05,1981,2017,7
"WI-663088",1147,5.45634769174846e-06,1.49212787193188e-11,1981,2017,7
"WI-663091",1147,5.45634769174846e-06,1.49212787193188e-11,1981,2017,7
"WI-663105",1147,-8.79260439779823e-06,3.58115560545695e-22,1981,2017,7
"WI-673120",1147,-8.30759327522594e-06,6.36927585404174e-07,1981,2017,7
"WI-673123",1147,6.83659225303895e-07,0.551196966351868,1981,2017,7
"WI-673202",1147,-2.58736124604674e-05,1.37553568462191e-31,1981,2017,7
"WI-673206",1147,-0.000148477147266596,7.12637388222892e-71,1981,2017,7
"WI-673225",1147,-6.18194032522574e-05,1.67406600158175e-100,1981,2017,7
"WI-683125",1147,-0.000207333569956267,3.21866568779851e-128,1981,2017,7
"WI-683129",1147,-0.000121102404887166,7.01881804905398e-92,1981,2017,7
"WI-683137",1147,-1.18394253009732e-05,4.85700460754487e-24,1981,2017,7
"WI-683143",1147,1.06858348244219e-05,4.08108360182814e-06,1981,2017,7
"WI-693025",1147,1.10582971316397e-05,1.95909935818448e-07,1981,2017,7
"WI-703027",1147,-7.93374636939783e-05,1.08340215698145e-79,1981,2017,7
"114",1147,1.46910828247083e-05,9.46898669119974e-05,1981,2017,8
"116",1147,-0.00010954086081109,3.29586632505859e-82,1981,2017,8
"134",1147,-3.23844249741722e-06,4.33678850994467e-06,1981,2017,8
"135",1147,-5.76681548452888e-05,2.96294953916494e-54,1981,2017,8
"136",1147,-0.00012192594346291,5.50548072996925e-145,1981,2017,8
"26",1147,1.90932850015655e-06,0.000115348923541209,1981,2017,8
"27",1147,-6.19142768839047e-06,1.08163158684326e-13,1981,2017,8
"29",1147,1.24712987390655e-07,0.861655149520093,1981,2017,8
"30",1147,-3.45258572371575e-05,1.78644167561863e-19,1981,2017,8
"31",1147,-0.000163720055795416,6.47403288159679e-78,1981,2017,8
"32",1147,-0.000140115576948817,7.41521248083342e-84,1981,2017,8
"33",1147,-7.2217136588384e-06,2.09352615376453e-11,1981,2017,8
"35",1147,2.5629749669796e-05,4.62078759918452e-22,1981,2017,8
"WI-213124",1147,-0.000314547298372188,1.35378139133642e-59,1981,2017,8
"WI-263160",1147,2.6810242408998e-05,0.0536754463966757,1981,2017,8
"WI-283123",1147,-6.89333577260646e-06,0.282819480723316,1981,2017,8
"WI-303121",1147,-0.00012192594346291,5.50548072996925e-145,1981,2017,8
"WI-363064",1147,-4.34404256100821e-05,1.76323629470094e-112,1981,2017,8
"WI-373390",1147,-5.24095644931283e-05,5.42406750367216e-38,1981,2017,8
"WI-443140",1147,-1.37563388129074e-05,4.82118717412597e-31,1981,2017,8
"WI-493063",1147,-5.17662754196409e-05,7.38724259792088e-11,1981,2017,8
"WI-493122",1147,-9.23549224751271e-05,3.03432249846984e-21,1981,2017,8
"WI-493126",1147,-8.23363121914449e-06,3.69931687442587e-22,1981,2017,8
"WI-493131",1147,-9.23549224751271e-05,3.03432249846984e-21,1981,2017,8
"WI-513126",1147,4.20491904857082e-06,0.167842834875227,1981,2017,8
"WI-523120",1147,-0.000117077053633613,4.03554727983666e-149,1981,2017,8
"WI-563057",1147,-1.14593095975093e-05,4.48352463576325e-21,1981,2017,8
"WI-563058",1147,-1.71204673552253e-05,8.11824684423062e-39,1981,2017,8
"WI-573124",1147,-1.01895815284637e-05,9.15647963108153e-08,1981,2017,8
"WI-583047",1147,7.03544742289959e-05,8.70937464742452e-69,1981,2017,8
"WI-593043",1147,-3.50270175727266e-06,1.99968555784658e-05,1981,2017,8
"WI-593044",1147,-3.50270175727266e-06,1.99968555784658e-05,1981,2017,8
"WI-593072",1147,-1.23087223164908e-05,2.15957981897793e-27,1981,2017,8
"WI-593121",1147,1.75813317995283e-05,2.31558647015197e-25,1981,2017,8
"WI-643451",1147,-0.000115257975467707,1.14328077337577e-20,1981,2017,8
"WI-653126",1147,-1.12115625979438e-05,2.99056827568584e-08,1981,2017,8
"WI-663053",1147,-2.95272411026868e-06,0.00718255922521803,1981,2017,8
"WI-663088",1147,6.9214204522463e-06,5.71047391875274e-19,1981,2017,8
"WI-663091",1147,6.9214204522463e-06,5.71047391875274e-19,1981,2017,8
"WI-663105",1147,-7.63821954885011e-06,1.4785793740118e-20,1981,2017,8
"WI-673120",1147,-9.1663439214467e-06,6.61010723547578e-11,1981,2017,8
"WI-673123",1147,8.93379887072684e-07,0.544206914880537,1981,2017,8
"WI-673202",1147,-2.25308325590799e-05,1.07999999477084e-30,1981,2017,8
"WI-673206",1147,-0.000110521537012901,1.95337422117379e-43,1981,2017,8
"WI-673225",1147,-5.47313180056667e-05,9.99018293331975e-97,1981,2017,8
"WI-683125",1147,-0.000186788009131878,1.03483263429031e-117,1981,2017,8
"WI-683129",1147,-9.86433527420784e-05,6.71944648004872e-70,1981,2017,8
"WI-683137",1147,-5.27418501607643e-06,3.88583089931656e-06,1981,2017,8
"WI-683143",1147,1.44321585243058e-05,4.87879869443841e-13,1981,2017,8
"WI-693025",1147,4.27800511676215e-06,0.0603959734766952,1981,2017,8
"WI-703027",1147,-6.73731228164399e-05,5.63536020503242e-68,1981,2017,8
"114",1110,1.77424972881979e-05,2.97030294695455e-06,1981,2017,9
"116",1110,-8.70765459766211e-05,7.43694746777389e-67,1981,2017,9
"134",1110,-3.34086007638047e-06,6.16085013105555e-07,1981,2017,9
"135",1110,-5.75164898748269e-05,3.70315797715749e-52,1981,2017,9
"136",1110,-0.000102816854696824,1.8786183508258e-123,1981,2017,9
"26",1110,9.69622090195329e-07,0.0104741189863014,1981,2017,9
"27",1110,-1.04714358226142e-06,0.177664266632208,1981,2017,9
"29",1110,-1.17088150490409e-06,0.0825981202954805,1981,2017,9
"30",1110,-2.24215764967394e-05,2.58023410648903e-11,1981,2017,9
"31",1110,-0.000143098026642973,4.10727852376661e-54,1981,2017,9
"32",1110,-0.000134933530766127,7.15287123756902e-81,1981,2017,9
"33",1110,-1.67972335224926e-06,0.0536618497370029,1981,2017,9
"35",1110,1.659708427088e-05,1.19674563089711e-13,1981,2017,9
"WI-213124",1110,-0.000226631737436456,1.03710612627134e-47,1981,2017,9
"WI-263160",1110,6.97814897295064e-05,1.03633943822346e-06,1981,2017,9
"WI-283123",1110,2.52948650200242e-05,1.2314618148601e-05,1981,2017,9
"WI-303121",1110,-0.000102816854696824,1.8786183508258e-123,1981,2017,9
"WI-363064",1110,-4.99547941771556e-05,1.95178856744011e-126,1981,2017,9
"WI-373390",1110,-2.77724481762859e-05,1.59897843218429e-21,1981,2017,9
"WI-443140",1110,-6.06680596068108e-06,1.66575540807437e-06,1981,2017,9
"WI-493063",1110,-7.93711794459275e-05,6.79093407149575e-23,1981,2017,9
"WI-493122",1110,-9.74473256634291e-05,7.78811862743685e-31,1981,2017,9
"WI-493126",1110,-5.01992116307239e-06,8.99128548758534e-16,1981,2017,9
"WI-493131",1110,-9.74473256634291e-05,7.78811862743685e-31,1981,2017,9
"WI-513126",1110,-8.65294575756222e-07,0.719015215235118,1981,2017,9
"WI-523120",1110,-0.000120435273546398,3.65199119963773e-144,1981,2017,9
"WI-563057",1110,-8.93385647124531e-06,4.24377985621292e-13,1981,2017,9
"WI-563058",1110,4.90126341654903e-07,0.69982660199568,1981,2017,9
"WI-573124",1110,-1.91092118339696e-05,1.41668267728737e-17,1981,2017,9
"WI-583047",1110,4.6406033534009e-05,6.05291218060505e-37,1981,2017,9
"WI-593043",1110,1.22977819014926e-06,0.13897082016501,1981,2017,9
"WI-593044",1110,1.22977819014926e-06,0.13897082016501,1981,2017,9
"WI-593072",1110,1.01269705145986e-06,0.298072501706468,1981,2017,9
"WI-593121",1110,9.21591062750967e-06,1.96046570283356e-10,1981,2017,9
"WI-643451",1110,-3.87584269373222e-05,0.000140348206115148,1981,2017,9
"WI-653126",1110,-1.43914857513153e-05,2.79674952269768e-18,1981,2017,9
"WI-663053",1110,6.01189609248118e-06,3.08127368937281e-07,1981,2017,9
"WI-663088",1110,-3.8575591650132e-06,5.29240844751166e-05,1981,2017,9
"WI-663091",1110,-3.8575591650132e-06,5.29240844751166e-05,1981,2017,9
"WI-663105",1110,-5.58781274612251e-06,2.13909679926189e-12,1981,2017,9
"WI-673120",1110,-1.43687588343752e-06,0.269676447247849,1981,2017,9
"WI-673123",1110,-3.24404121381204e-06,0.0368159747895867,1981,2017,9
"WI-673202",1110,-2.60596051734829e-05,1.47775521569627e-45,1981,2017,9
"WI-673206",1110,-3.38112668457727e-05,2.46723483539633e-09,1981,2017,9
"WI-673225",1110,-4.79385072443226e-05,2.67129092119034e-82,1981,2017,9
"WI-683125",1110,-0.000133070604248547,5.24692793767824e-112,1981,2017,9
"WI-683129",1110,-5.96376008132287e-05,1.51708749370281e-49,1981,2017,9
"WI-683137",1110,5.97558146436645e-06,5.55963380780282e-10,1981,2017,9
"WI-683143",1110,4.9863446236298e-06,0.0151570556141776,1981,2017,9
"WI-693025",1110,8.84381671352174e-06,6.72244930594716e-05,1981,2017,9
"WI-703027",1110,-3.77654649922436e-05,1.00429885606819e-49,1981,2017,9
"114",1147,-2.12916986853326e-06,0.403594507539392,1981,2017,10
"116",1147,-2.53449347307261e-05,2.3898605886599e-13,1981,2017,10
"134",1147,4.67042605920642e-07,0.470817260423918,1981,2017,10
"135",1147,-5.74490412867747e-05,5.99999886803533e-62,1981,2017,10
"136",1147,-9.02808859333217e-05,1.45669628378649e-95,1981,2017,10
"26",1147,9.15565154035607e-07,0.000102501287485599,1981,2017,10
"27",1147,1.30029505412222e-06,0.0166771753509485,1981,2017,10
"29",1147,-2.90813786094814e-06,1.16668267623079e-08,1981,2017,10
"30",1147,-1.92522784523166e-05,1.35410948875434e-06,1981,2017,10
"31",1147,-9.64878146268694e-05,2.65442628671357e-46,1981,2017,10
"32",1147,-0.000108422648947602,6.99838068473018e-72,1981,2017,10
"33",1147,2.06603863645311e-06,0.0171604235870476,1981,2017,10
"35",1147,2.91025076392264e-06,0.0217353631906249,1981,2017,10
"WI-213124",1147,-7.89902061310804e-05,4.75078819919409e-18,1981,2017,10
"WI-263160",1147,1.94629554311883e-06,0.876112410262088,1981,2017,10
"WI-283123",1147,1.39913068296183e-05,0.00174149348319389,1981,2017,10
"WI-303121",1147,-9.02808859333217e-05,1.45669628378649e-95,1981,2017,10
"WI-363064",1147,-3.97645592081159e-05,6.98444957439525e-131,1981,2017,10
"WI-373390",1147,-1.17454335331379e-05,2.55340470825296e-12,1981,2017,10
"WI-443140",1147,4.48510307679362e-06,4.21501744216606e-05,1981,2017,10
"WI-493063",1147,-0.000103708778325257,3.75782984610235e-48,1981,2017,10
"WI-493122",1147,-8.14514056521729e-05,6.19656582500523e-28,1981,2017,10
"WI-493126",1147,-3.18251722379083e-06,1.66368888694161e-10,1981,2017,10
"WI-493131",1147,-8.14514056521729e-05,6.19656582500523e-28,1981,2017,10
"WI-513126",1147,1.84126640603691e-06,0.229435722980911,1981,2017,10
"WI-523120",1147,-0.000116316871791808,6.82269740781735e-169,1981,2017,10
"WI-563057",1147,-2.77148821400723e-07,0.825183500336726,1981,2017,10
"WI-563058",1147,-1.26116116253986e-07,0.90147894295661,1981,2017,10
"WI-573124",1147,-1.91020976170237e-05,7.07910046337053e-20,1981,2017,10
"WI-583047",1147,9.52790315747834e-06,0.000135472739056372,1981,2017,10
"WI-593043",1147,1.95388573554285e-07,0.801350387400437,1981,2017,10
"WI-593044",1147,1.95388573554285e-07,0.801350387400437,1981,2017,10
"WI-593072",1147,9.09546217850456e-06,4.64352215247755e-29,1981,2017,10
"WI-593121",1147,7.82969982249611e-06,3.06408381872541e-18,1981,2017,10
"WI-643451",1147,9.26674009842186e-07,0.910651657244901,1981,2017,10
"WI-653126",1147,-7.44478576736603e-06,6.65907387198015e-08,1981,2017,10
"WI-663053",1147,-6.42547925999212e-06,5.84655680960594e-12,1981,2017,10
"WI-663088",1147,-5.72348467629419e-07,0.416311373628586,1981,2017,10
"WI-663091",1147,-5.72348467629419e-07,0.416311373628586,1981,2017,10
"WI-663105",1147,-7.92194222639365e-06,1.81706839939361e-24,1981,2017,10
"WI-673120",1147,-2.16807227095318e-08,0.977711292455754,1981,2017,10
"WI-673123",1147,-5.03225726288102e-06,1.28098858924107e-05,1981,2017,10
"WI-673202",1147,-2.48104513664178e-05,2.51639359025399e-65,1981,2017,10
"WI-673206",1147,-3.8431926995063e-05,7.77221909577197e-28,1981,2017,10
"WI-673225",1147,-6.20658960861303e-05,1.47337596317742e-125,1981,2017,10
"WI-683125",1147,-9.07391134784639e-05,1.74003337008507e-103,1981,2017,10
"WI-683129",1147,-5.76359969217008e-05,3.54541169232748e-78,1981,2017,10
"WI-683137",1147,5.93774331780035e-06,3.8968771761593e-16,1981,2017,10
"WI-683143",1147,-5.66609604309493e-06,0.00764709053963097,1981,2017,10
"WI-693025",1147,3.25060067736359e-06,0.128525846426974,1981,2017,10
"WI-703027",1147,-1.91870056914269e-05,7.76826520105474e-37,1981,2017,10
"114",1110,-3.714091360368e-05,3.15898891415242e-58,1981,2017,11
"116",1110,-2.79672939768311e-05,2.27651365437656e-15,1981,2017,11
"134",1110,1.90331212026405e-06,0.00406472166689182,1981,2017,11
"135",1110,-6.0375022141769e-05,2.6850004818418e-65,1981,2017,11
"136",1110,-6.3166614115901e-05,5.04132823975429e-50,1981,2017,11
"26",1110,1.08010278492255e-06,1.06803234744708e-07,1981,2017,11
"27",1110,4.98334233573817e-06,2.20632403201168e-11,1981,2017,11
"29",1110,-1.95723137047828e-06,5.87336676470425e-05,1981,2017,11
"30",1110,-1.01208193319693e-05,0.00636442736175935,1981,2017,11
"31",1110,-0.00011006019964955,2.9196860896877e-57,1981,2017,11
"32",1110,-0.000106343625102651,5.02666999389351e-84,1981,2017,11
"33",1110,-4.69277544575332e-06,1.37316723037643e-05,1981,2017,11
"35",1110,1.20299557757174e-06,0.270239623543936,1981,2017,11
"WI-213124",1110,-6.081702975734e-05,1.20130120360761e-26,1981,2017,11
"WI-263160",1110,-4.85152561358004e-05,1.67490144420504e-05,1981,2017,11
"WI-283123",1110,2.81973260519907e-06,0.41671762405516,1981,2017,11
"WI-303121",1110,-6.3166614115901e-05,5.04132823975429e-50,1981,2017,11
"WI-363064",1110,-3.55586535652429e-05,2.16523560761065e-123,1981,2017,11
"WI-373390",1110,-1.07328028808753e-05,6.12031073932061e-13,1981,2017,11
"WI-443140",1110,2.71072274446497e-06,0.000648853619150228,1981,2017,11
"WI-493063",1110,-9.40082627324108e-05,2.35726238256486e-31,1981,2017,11
"WI-493122",1110,-6.22245664967023e-05,4.60889035927148e-17,1981,2017,11
"WI-493126",1110,-4.03574705084257e-06,2.95557962534841e-20,1981,2017,11
"WI-493131",1110,-6.22245664967023e-05,4.60889035927148e-17,1981,2017,11
"WI-513126",1110,4.31356475183537e-06,2.11904892270143e-05,1981,2017,11
"WI-523120",1110,-0.000115832746889224,5.2035919964938e-167,1981,2017,11
"WI-563057",1110,-3.45861876232118e-06,0.00213473861412738,1981,2017,11
"WI-563058",1110,1.00958625991511e-06,0.316427777165288,1981,2017,11
"WI-573124",1110,-2.46279529047852e-05,1.38294517352363e-58,1981,2017,11
"WI-583047",1110,1.82802284576694e-05,7.25463016146078e-22,1981,2017,11
"WI-593043",1110,-7.3419461766165e-06,8.484173911333e-17,1981,2017,11
"WI-593044",1110,-7.3419461766165e-06,8.484173911333e-17,1981,2017,11
"WI-593072",1110,1.18035525538949e-05,1.00317904983704e-37,1981,2017,11
"WI-593121",1110,8.84881626053386e-06,1.0073281346622e-32,1981,2017,11
"WI-643451",1110,-9.70572852571304e-06,0.166167475052745,1981,2017,11
"WI-653126",1110,-1.5666966345107e-05,6.61068748065333e-17,1981,2017,11
"WI-663053",1110,-1.55339431518211e-05,1.08349305792446e-54,1981,2017,11
"WI-663088",1110,2.3104136000626e-06,0.000162969686773244,1981,2017,11
"WI-663091",1110,2.3104136000626e-06,0.000162969686773244,1981,2017,11
"WI-663105",1110,-8.7497536717413e-06,2.43879894975094e-32,1981,2017,11
"WI-673120",1110,-2.55983731903666e-06,0.00058873123632731,1981,2017,11
"WI-673123",1110,-5.67575448033817e-06,1.29145540777467e-07,1981,2017,11
"WI-673202",1110,-1.67599524578291e-05,1.25550431239844e-36,1981,2017,11
"WI-673206",1110,-2.79070535877674e-05,5.55207752808508e-18,1981,2017,11
"WI-673225",1110,-7.71342590528866e-05,2.09692854777795e-148,1981,2017,11
"WI-683125",1110,-0.000115930758510239,1.71461132281909e-130,1981,2017,11
"WI-683129",1110,-3.99792953828821e-05,4.36129480708068e-94,1981,2017,11
"WI-683137",1110,2.1846650517984e-06,0.000898552618575492,1981,2017,11
"WI-683143",1110,-4.63914347509756e-06,0.00775105115880895,1981,2017,11
"WI-693025",1110,-1.95925252215358e-05,1.42664891963559e-17,1981,2017,11
"WI-703027",1110,-3.34275151946985e-05,1.88298320132701e-74,1981,2017,11
"114",1147,-4.41090782897994e-05,9.39445309654831e-88,1981,2017,12
"116",1147,-2.73885014892689e-05,4.3570994922903e-22,1981,2017,12
"134",1147,4.12536315561816e-06,7.32727955557001e-09,1981,2017,12
"135",1147,-6.63681765519257e-05,1.97803153694719e-76,1981,2017,12
"136",1147,-4.31845633385536e-05,4.58467541273384e-32,1981,2017,12
"26",1147,7.05636104086257e-07,0.000138987936259477,1981,2017,12
"27",1147,4.14478341361923e-06,1.19473314804479e-11,1981,2017,12
"29",1147,-8.58251234906542e-07,0.0641091883288755,1981,2017,12
"30",1147,-4.83611635758886e-06,0.177562790881118,1981,2017,12
"31",1147,-0.000100735190460593,3.60314721167761e-43,1981,2017,12
"32",1147,-9.6804506373933e-05,2.2401980950081e-84,1981,2017,12
"33",1147,-4.05145064025493e-06,7.65479925149048e-06,1981,2017,12
"35",1147,-9.08161796112732e-07,0.375200778997807,1981,2017,12
"WI-213124",1147,-3.79570108224284e-05,1.47393605850076e-18,1981,2017,12
"WI-263160",1147,-0.000134451303116493,4.827849734681e-43,1981,2017,12
"WI-283123",1147,-5.0240799197075e-06,0.102548834017375,1981,2017,12
"WI-303121",1147,-4.31845633385536e-05,4.58467541273384e-32,1981,2017,12
"WI-363064",1147,-1.95115429888338e-05,4.65576904725084e-74,1981,2017,12
"WI-373390",1147,-1.05533365767821e-05,1.47544637564345e-25,1981,2017,12
"WI-443140",1147,-1.16466220484832e-07,0.845551928704737,1981,2017,12
"WI-493063",1147,-0.000106311082603423,2.27283736940923e-50,1981,2017,12
"WI-493122",1147,-3.22723426173472e-05,1.44913646789051e-08,1981,2017,12
"WI-493126",1147,-3.29172590991983e-06,9.56065839772478e-10,1981,2017,12
"WI-493131",1147,-3.22723426173472e-05,1.44913646789051e-08,1981,2017,12
"WI-513126",1147,8.08172439199183e-06,5.2594116334024e-17,1981,2017,12
"WI-523120",1147,-0.000111553669024102,1.12707072394514e-186,1981,2017,12
"WI-563057",1147,-1.90377680609262e-06,0.0650804221562158,1981,2017,12
"WI-563058",1147,2.57026422747429e-07,0.709205430251089,1981,2017,12
"WI-573124",1147,-1.44277647022569e-05,1.51713061896801e-40,1981,2017,12
"WI-583047",1147,2.41969785255029e-05,7.65171576179625e-46,1981,2017,12
"WI-593043",1147,-4.33150587058295e-06,1.34223496245443e-08,1981,2017,12
"WI-593044",1147,-4.33150587058295e-06,1.34223496245443e-08,1981,2017,12
"WI-593072",1147,7.75582427490706e-06,2.41088231826276e-19,1981,2017,12
"WI-593121",1147,1.02967491624869e-05,4.04670360240712e-47,1981,2017,12
"WI-643451",1147,-4.03657199300085e-05,1.62022767017404e-11,1981,2017,12
"WI-653126",1147,-1.54980140281053e-05,2.0431994672321e-16,1981,2017,12
"WI-663053",1147,-1.45395682231732e-05,3.74258928242084e-66,1981,2017,12
"WI-663088",1147,3.99110699622615e-06,1.75859818701455e-10,1981,2017,12
"WI-663091",1147,3.99110699622615e-06,1.75859818701455e-10,1981,2017,12
"WI-663105",1147,-7.57136937042558e-06,7.16363469240911e-36,1981,2017,12
"WI-673120",1147,-4.91893263813724e-06,1.45566042250248e-09,1981,2017,12
"WI-673123",1147,4.25354444265663e-06,0.000636094485825357,1981,2017,12
"WI-673202",1147,-1.10807835811244e-05,5.31636579707378e-21,1981,2017,12
"WI-673206",1147,-2.70782151575084e-05,1.35798964379441e-17,1981,2017,12
"WI-673225",1147,-6.85587909195998e-05,1.16901355142106e-138,1981,2017,12
"WI-683125",1147,-0.000122289277120406,2.08706219789771e-176,1981,2017,12
"WI-683129",1147,-2.78579341994327e-05,4.71579730005152e-94,1981,2017,12
"WI-683137",1147,7.60353221912889e-07,0.234013909745965,1981,2017,12
"WI-683143",1147,-7.23649993700145e-06,1.23070328904101e-08,1981,2017,12
"WI-693025",1147,-1.89808998432507e-05,2.44342926881653e-18,1981,2017,12
"WI-703027",1147,-2.89164714871709e-05,1.21794069723581e-62,1981,2017,12
